project-id,location-id,date,time-intervals,direction-id,car,microbus,bus,truck,special vehicle,motorcycle,bicycle,total-vehicles,location-name,longitude,latitude,image-url
Tamarashvili,Loc1,2/27/24,09:00 - 09:15,1.1,63,1,0,0,0,0,0,64,Location 1,44.7454186,41.7241914,https://drive.google.com/file/d/1YxZGx1CoMzSzG4asy4R2yiPAmlFIbc3u/view?usp=drive_link
Tamarashvili,Loc1,2/27/24,09:00 - 09:15,1.2,240,5,7,1,0,1,0,254,Location 1,44.7454186,41.7241914,https://drive.google.com/file/d/1YxZGx1CoMzSzG4asy4R2yiPAmlFIbc3u/view?usp=drive_link
Tamarashvili,Loc1,2/27/24,09:00 - 09:15,1.3,473,15,8,4,0,3,0,503,Location 1,44.7454186,41.7241914,https://drive.google.com/file/d/1YxZGx1CoMzSzG4asy4R2yiPAmlFIbc3u/view?usp=drive_link
Tamarashvili,Loc1,2/27/24,09:00 - 09:15,1.4,128,2,2,1,0,0,0,133,Location 1,44.7454186,41.7241914,https://drive.google.com/file/d/1YxZGx1CoMzSzG4asy4R2yiPAmlFIbc3u/view?usp=drive_link
Tamarashvili,Loc1,2/27/24,09:00 - 09:15,1.5,223,4,4,1,0,1,0,233,Location 1,44.7454186,41.7241914,https://drive.google.com/file/d/1YxZGx1CoMzSzG4asy4R2yiPAmlFIbc3u/view?usp=drive_link
Tamarashvili,Loc1,2/27/24,09:00 - 09:15,1.6,133,2,6,1,0,1,0,143,Location 1,44.7454186,41.7241914,https://drive.google.com/file/d/1YxZGx1CoMzSzG4asy4R2yiPAmlFIbc3u/view?usp=drive_link
Tamarashvili,Loc1,2/27/24,09:15 - 09:30,1.1,50,1,1,0,0,0,0,52,Location 1,44.7454186,41.7241914,https://drive.google.com/file/d/1YxZGx1CoMzSzG4asy4R2yiPAmlFIbc3u/view?usp=drive_link
Tamarashvili,Loc1,2/27/24,09:15 - 09:30,1.2,235,6,4,1,0,2,0,248,Location 1,44.7454186,41.7241914,https://drive.google.com/file/d/1YxZGx1CoMzSzG4asy4R2yiPAmlFIbc3u/view?usp=drive_link
Tamarashvili,Loc1,2/27/24,09:15 - 09:30,1.3,432,17,5,3,0,1,0,458,Location 1,44.7454186,41.7241914,https://drive.google.com/file/d/1YxZGx1CoMzSzG4asy4R2yiPAmlFIbc3u/view?usp=drive_link
Tamarashvili,Loc1,2/27/24,09:15 - 09:30,1.4,121,2,2,0,0,1,0,126,Location 1,44.7454186,41.7241914,https://drive.google.com/file/d/1YxZGx1CoMzSzG4asy4R2yiPAmlFIbc3u/view?usp=drive_link
Tamarashvili,Loc1,2/27/24,09:15 - 09:30,1.5,186,7,3,4,0,2,0,202,Location 1,44.7454186,41.7241914,https://drive.google.com/file/d/1YxZGx1CoMzSzG4asy4R2yiPAmlFIbc3u/view?usp=drive_link
Tamarashvili,Loc1,2/27/24,09:15 - 09:30,1.6,109,4,5,2,0,1,0,121,Location 1,44.7454186,41.7241914,https://drive.google.com/file/d/1YxZGx1CoMzSzG4asy4R2yiPAmlFIbc3u/view?usp=drive_link
Tamarashvili,Loc1,2/27/24,09:30 - 09:45,1.1,50,1,1,0,0,0,0,52,Location 1,44.7454186,41.7241914,https://drive.google.com/file/d/1YxZGx1CoMzSzG4asy4R2yiPAmlFIbc3u/view?usp=drive_link
Tamarashvili,Loc1,2/27/24,09:30 - 09:45,1.2,276,5,7,1,0,1,0,290,Location 1,44.7454186,41.7241914,https://drive.google.com/file/d/1YxZGx1CoMzSzG4asy4R2yiPAmlFIbc3u/view?usp=drive_link
Tamarashvili,Loc1,2/27/24,09:30 - 09:45,1.3,490,15,7,2,0,4,0,518,Location 1,44.7454186,41.7241914,https://drive.google.com/file/d/1YxZGx1CoMzSzG4asy4R2yiPAmlFIbc3u/view?usp=drive_link
Tamarashvili,Loc1,2/27/24,09:30 - 09:45,1.4,142,6,1,0,0,0,0,149,Location 1,44.7454186,41.7241914,https://drive.google.com/file/d/1YxZGx1CoMzSzG4asy4R2yiPAmlFIbc3u/view?usp=drive_link
Tamarashvili,Loc1,2/27/24,09:30 - 09:45,1.5,198,10,3,0,0,1,0,212,Location 1,44.7454186,41.7241914,https://drive.google.com/file/d/1YxZGx1CoMzSzG4asy4R2yiPAmlFIbc3u/view?usp=drive_link
Tamarashvili,Loc1,2/27/24,09:30 - 09:45,1.6,112,3,6,0,0,3,0,124,Location 1,44.7454186,41.7241914,https://drive.google.com/file/d/1YxZGx1CoMzSzG4asy4R2yiPAmlFIbc3u/view?usp=drive_link
Tamarashvili,Loc1,2/27/24,09:45 - 10:00,1.1,61,2,1,0,0,0,0,64,Location 1,44.7454186,41.7241914,https://drive.google.com/file/d/1YxZGx1CoMzSzG4asy4R2yiPAmlFIbc3u/view?usp=drive_link
Tamarashvili,Loc1,2/27/24,09:45 - 10:00,1.2,276,2,6,2,0,5,0,291,Location 1,44.7454186,41.7241914,https://drive.google.com/file/d/1YxZGx1CoMzSzG4asy4R2yiPAmlFIbc3u/view?usp=drive_link
Tamarashvili,Loc1,2/27/24,09:45 - 10:00,1.3,430,6,9,5,0,2,0,452,Location 1,44.7454186,41.7241914,https://drive.google.com/file/d/1YxZGx1CoMzSzG4asy4R2yiPAmlFIbc3u/view?usp=drive_link
Tamarashvili,Loc1,2/27/24,09:45 - 10:00,1.4,146,4,2,0,0,2,0,154,Location 1,44.7454186,41.7241914,https://drive.google.com/file/d/1YxZGx1CoMzSzG4asy4R2yiPAmlFIbc3u/view?usp=drive_link
Tamarashvili,Loc1,2/27/24,09:45 - 10:00,1.5,204,7,1,2,0,3,0,217,Location 1,44.7454186,41.7241914,https://drive.google.com/file/d/1YxZGx1CoMzSzG4asy4R2yiPAmlFIbc3u/view?usp=drive_link
Tamarashvili,Loc1,2/27/24,09:45 - 10:00,1.6,125,4,6,0,0,1,0,136,Location 1,44.7454186,41.7241914,https://drive.google.com/file/d/1YxZGx1CoMzSzG4asy4R2yiPAmlFIbc3u/view?usp=drive_link
Tamarashvili,Loc1,2/27/24,18:00 - 18:15,1.1,61,1,0,1,0,1,0,64,Location 1,44.7454186,41.7241914,https://drive.google.com/file/d/1YxZGx1CoMzSzG4asy4R2yiPAmlFIbc3u/view?usp=drive_link
Tamarashvili,Loc1,2/27/24,18:00 - 18:15,1.2,149,3,4,1,0,13,0,170,Location 1,44.7454186,41.7241914,https://drive.google.com/file/d/1YxZGx1CoMzSzG4asy4R2yiPAmlFIbc3u/view?usp=drive_link
Tamarashvili,Loc1,2/27/24,18:00 - 18:15,1.3,355,9,7,4,0,38,1,414,Location 1,44.7454186,41.7241914,https://drive.google.com/file/d/1YxZGx1CoMzSzG4asy4R2yiPAmlFIbc3u/view?usp=drive_link
Tamarashvili,Loc1,2/27/24,18:00 - 18:15,1.4,72,2,2,0,0,4,0,80,Location 1,44.7454186,41.7241914,https://drive.google.com/file/d/1YxZGx1CoMzSzG4asy4R2yiPAmlFIbc3u/view?usp=drive_link
Tamarashvili,Loc1,2/27/24,18:00 - 18:15,1.5,124,2,3,0,0,8,0,137,Location 1,44.7454186,41.7241914,https://drive.google.com/file/d/1YxZGx1CoMzSzG4asy4R2yiPAmlFIbc3u/view?usp=drive_link
Tamarashvili,Loc1,2/27/24,18:00 - 18:15,1.6,103,1,6,1,0,4,1,116,Location 1,44.7454186,41.7241914,https://drive.google.com/file/d/1YxZGx1CoMzSzG4asy4R2yiPAmlFIbc3u/view?usp=drive_link
Tamarashvili,Loc1,2/27/24,18:15 - 18:30,1.1,59,2,0,0,0,0,0,61,Location 1,44.7454186,41.7241914,https://drive.google.com/file/d/1YxZGx1CoMzSzG4asy4R2yiPAmlFIbc3u/view?usp=drive_link
Tamarashvili,Loc1,2/27/24,18:15 - 18:30,1.2,253,4,7,0,0,14,0,278,Location 1,44.7454186,41.7241914,https://drive.google.com/file/d/1YxZGx1CoMzSzG4asy4R2yiPAmlFIbc3u/view?usp=drive_link
Tamarashvili,Loc1,2/27/24,18:15 - 18:30,1.3,365,12,8,3,0,14,0,402,Location 1,44.7454186,41.7241914,https://drive.google.com/file/d/1YxZGx1CoMzSzG4asy4R2yiPAmlFIbc3u/view?usp=drive_link
Tamarashvili,Loc1,2/27/24,18:15 - 18:30,1.4,120,3,0,0,0,2,0,125,Location 1,44.7454186,41.7241914,https://drive.google.com/file/d/1YxZGx1CoMzSzG4asy4R2yiPAmlFIbc3u/view?usp=drive_link
Tamarashvili,Loc1,2/27/24,18:15 - 18:30,1.5,273,4,2,0,0,12,0,291,Location 1,44.7454186,41.7241914,https://drive.google.com/file/d/1YxZGx1CoMzSzG4asy4R2yiPAmlFIbc3u/view?usp=drive_link
Tamarashvili,Loc1,2/27/24,18:15 - 18:30,1.6,89,0,5,0,0,8,0,102,Location 1,44.7454186,41.7241914,https://drive.google.com/file/d/1YxZGx1CoMzSzG4asy4R2yiPAmlFIbc3u/view?usp=drive_link
Tamarashvili,Loc1,2/27/24,18:30 - 18:45,1.1,48,1,1,1,0,2,0,53,Location 1,44.7454186,41.7241914,https://drive.google.com/file/d/1YxZGx1CoMzSzG4asy4R2yiPAmlFIbc3u/view?usp=drive_link
Tamarashvili,Loc1,2/27/24,18:30 - 18:45,1.2,246,3,6,0,0,14,0,269,Location 1,44.7454186,41.7241914,https://drive.google.com/file/d/1YxZGx1CoMzSzG4asy4R2yiPAmlFIbc3u/view?usp=drive_link
Tamarashvili,Loc1,2/27/24,18:30 - 18:45,1.3,450,12,6,2,0,18,1,489,Location 1,44.7454186,41.7241914,https://drive.google.com/file/d/1YxZGx1CoMzSzG4asy4R2yiPAmlFIbc3u/view?usp=drive_link
Tamarashvili,Loc1,2/27/24,18:30 - 18:45,1.4,117,2,1,0,0,6,0,126,Location 1,44.7454186,41.7241914,https://drive.google.com/file/d/1YxZGx1CoMzSzG4asy4R2yiPAmlFIbc3u/view?usp=drive_link
Tamarashvili,Loc1,2/27/24,18:30 - 18:45,1.5,257,5,4,0,0,7,0,273,Location 1,44.7454186,41.7241914,https://drive.google.com/file/d/1YxZGx1CoMzSzG4asy4R2yiPAmlFIbc3u/view?usp=drive_link
Tamarashvili,Loc1,2/27/24,18:30 - 18:45,1.6,120,2,6,0,0,7,0,135,Location 1,44.7454186,41.7241914,https://drive.google.com/file/d/1YxZGx1CoMzSzG4asy4R2yiPAmlFIbc3u/view?usp=drive_link
Tamarashvili,Loc1,2/27/24,18:45 - 19:00,1.1,54,1,1,0,0,4,0,60,Location 1,44.7454186,41.7241914,https://drive.google.com/file/d/1YxZGx1CoMzSzG4asy4R2yiPAmlFIbc3u/view?usp=drive_link
Tamarashvili,Loc1,2/27/24,18:45 - 19:00,1.2,259,4,6,2,0,17,0,288,Location 1,44.7454186,41.7241914,https://drive.google.com/file/d/1YxZGx1CoMzSzG4asy4R2yiPAmlFIbc3u/view?usp=drive_link
Tamarashvili,Loc1,2/27/24,18:45 - 19:00,1.3,451,7,4,6,0,33,2,503,Location 1,44.7454186,41.7241914,https://drive.google.com/file/d/1YxZGx1CoMzSzG4asy4R2yiPAmlFIbc3u/view?usp=drive_link
Tamarashvili,Loc1,2/27/24,18:45 - 19:00,1.4,112,1,3,0,0,3,0,119,Location 1,44.7454186,41.7241914,https://drive.google.com/file/d/1YxZGx1CoMzSzG4asy4R2yiPAmlFIbc3u/view?usp=drive_link
Tamarashvili,Loc1,2/27/24,18:45 - 19:00,1.5,220,2,2,2,0,9,1,236,Location 1,44.7454186,41.7241914,https://drive.google.com/file/d/1YxZGx1CoMzSzG4asy4R2yiPAmlFIbc3u/view?usp=drive_link
Tamarashvili,Loc1,2/27/24,18:45 - 19:00,1.6,104,1,5,0,0,8,0,118,Location 1,44.7454186,41.7241914,https://drive.google.com/file/d/1YxZGx1CoMzSzG4asy4R2yiPAmlFIbc3u/view?usp=drive_link
Tamarashvili,Loc2,2/27/24,09:00 - 09:15,2.1,23,1,0,0,0,1,0,25,Location 2,44.7455732,41.7233162,https://drive.google.com/file/d/1dkI82KmlFFyTxBdmBj89m7sx1lyT8PEt/view?usp=sharing
Tamarashvili,Loc2,2/27/24,09:15 - 09:30,2.1,25,1,0,1,0,0,0,27,Location 2,44.7455732,41.7233162,https://drive.google.com/file/d/1dkI82KmlFFyTxBdmBj89m7sx1lyT8PEt/view?usp=sharing
Tamarashvili,Loc2,2/27/24,09:30 - 09:45,2.1,31,0,0,0,0,1,0,32,Location 2,44.7455732,41.7233162,https://drive.google.com/file/d/1dkI82KmlFFyTxBdmBj89m7sx1lyT8PEt/view?usp=sharing
Tamarashvili,Loc2,2/27/24,09:45 - 10:00,2.1,22,0,0,0,0,0,0,22,Location 2,44.7455732,41.7233162,https://drive.google.com/file/d/1dkI82KmlFFyTxBdmBj89m7sx1lyT8PEt/view?usp=sharing
Tamarashvili,Loc2,2/27/24,18:00 - 18:15,2.1,16,0,0,0,0,1,0,17,Location 2,44.7455732,41.7233162,https://drive.google.com/file/d/1dkI82KmlFFyTxBdmBj89m7sx1lyT8PEt/view?usp=sharing
Tamarashvili,Loc2,2/27/24,18:15 - 18:30,2.1,17,0,0,0,0,1,0,18,Location 2,44.7455732,41.7233162,https://drive.google.com/file/d/1dkI82KmlFFyTxBdmBj89m7sx1lyT8PEt/view?usp=sharing
Tamarashvili,Loc2,2/27/24,18:30 - 18:45,2.1,19,0,0,0,0,2,0,21,Location 2,44.7455732,41.7233162,https://drive.google.com/file/d/1dkI82KmlFFyTxBdmBj89m7sx1lyT8PEt/view?usp=sharing
Tamarashvili,Loc2,2/27/24,18:45 - 19:00,2.1,24,0,0,0,0,1,0,25,Location 2,44.7455732,41.7233162,https://drive.google.com/file/d/1dkI82KmlFFyTxBdmBj89m7sx1lyT8PEt/view?usp=sharing
Tamarashvili,Loc3,2/27/24,09:00 - 09:15,3.1,33,0,0,0,0,0,0,33,Location 3,44.7459343,41.7208228,https://drive.google.com/file/d/1ojYgLrwrHyKAI1btLEbdApKrx0RQ0KeW/view?usp=sharing
Tamarashvili,Loc3,2/27/24,09:00 - 09:15,3.2,354,7,12,2,0,3,0,378,Location 3,44.7459343,41.7208228,https://drive.google.com/file/d/1ojYgLrwrHyKAI1btLEbdApKrx0RQ0KeW/view?usp=sharing
Tamarashvili,Loc3,2/27/24,09:00 - 09:15,3.3,22,1,0,1,0,0,0,24,Location 3,44.7459343,41.7208228,https://drive.google.com/file/d/1ojYgLrwrHyKAI1btLEbdApKrx0RQ0KeW/view?usp=sharing
Tamarashvili,Loc3,2/27/24,09:00 - 09:15,3.4,35,0,0,0,0,0,0,35,Location 3,44.7459343,41.7208228,https://drive.google.com/file/d/1ojYgLrwrHyKAI1btLEbdApKrx0RQ0KeW/view?usp=sharing
Tamarashvili,Loc3,2/27/24,09:00 - 09:15,3.5,48,0,0,0,0,0,0,48,Location 3,44.7459343,41.7208228,https://drive.google.com/file/d/1ojYgLrwrHyKAI1btLEbdApKrx0RQ0KeW/view?usp=sharing
Tamarashvili,Loc3,2/27/24,09:00 - 09:15,3.6,0,0,0,0,0,0,0,0,Location 3,44.7459343,41.7208228,https://drive.google.com/file/d/1ojYgLrwrHyKAI1btLEbdApKrx0RQ0KeW/view?usp=sharing
Tamarashvili,Loc3,2/27/24,09:00 - 09:15,3.7,0,0,0,0,0,0,0,0,Location 3,44.7459343,41.7208228,https://drive.google.com/file/d/1ojYgLrwrHyKAI1btLEbdApKrx0RQ0KeW/view?usp=sharing
Tamarashvili,Loc3,2/27/24,09:00 - 09:15,3.8,0,0,0,0,0,0,0,0,Location 3,44.7459343,41.7208228,https://drive.google.com/file/d/1ojYgLrwrHyKAI1btLEbdApKrx0RQ0KeW/view?usp=sharing
Tamarashvili,Loc3,2/27/24,09:15 - 09:30,2.1,17,0,0,0,0,0,0,17,Location 3,44.7459343,41.7208228,https://drive.google.com/file/d/1ojYgLrwrHyKAI1btLEbdApKrx0RQ0KeW/view?usp=sharing
Tamarashvili,Loc3,2/27/24,09:15 - 09:30,3.1,360,10,5,2,0,4,0,381,Location 3,44.7459343,41.7208228,https://drive.google.com/file/d/1ojYgLrwrHyKAI1btLEbdApKrx0RQ0KeW/view?usp=sharing
Tamarashvili,Loc3,2/27/24,09:15 - 09:30,3.2,22,0,0,0,0,0,0,22,Location 3,44.7459343,41.7208228,https://drive.google.com/file/d/1ojYgLrwrHyKAI1btLEbdApKrx0RQ0KeW/view?usp=sharing
Tamarashvili,Loc3,2/27/24,09:15 - 09:30,3.3,28,1,0,0,0,0,0,29,Location 3,44.7459343,41.7208228,https://drive.google.com/file/d/1ojYgLrwrHyKAI1btLEbdApKrx0RQ0KeW/view?usp=sharing
Tamarashvili,Loc3,2/27/24,09:15 - 09:30,3.4,53,1,0,1,0,0,0,55,Location 3,44.7459343,41.7208228,https://drive.google.com/file/d/1ojYgLrwrHyKAI1btLEbdApKrx0RQ0KeW/view?usp=sharing
Tamarashvili,Loc3,2/27/24,09:15 - 09:30,3.5,0,0,0,0,0,0,0,0,Location 3,44.7459343,41.7208228,https://drive.google.com/file/d/1ojYgLrwrHyKAI1btLEbdApKrx0RQ0KeW/view?usp=sharing
Tamarashvili,Loc3,2/27/24,09:15 - 09:30,3.6,0,0,0,0,0,0,0,0,Location 3,44.7459343,41.7208228,https://drive.google.com/file/d/1ojYgLrwrHyKAI1btLEbdApKrx0RQ0KeW/view?usp=sharing
Tamarashvili,Loc3,2/27/24,09:15 - 09:30,3.7,0,0,0,0,0,0,0,0,Location 3,44.7459343,41.7208228,https://drive.google.com/file/d/1ojYgLrwrHyKAI1btLEbdApKrx0RQ0KeW/view?usp=sharing
Tamarashvili,Loc3,2/27/24,09:30 - 09:45,3.1,13,4,0,0,0,0,0,17,Location 3,44.7459343,41.7208228,https://drive.google.com/file/d/1ojYgLrwrHyKAI1btLEbdApKrx0RQ0KeW/view?usp=sharing
Tamarashvili,Loc3,2/27/24,09:30 - 09:45,3.2,363,6,8,1,0,3,0,381,Location 3,44.7459343,41.7208228,https://drive.google.com/file/d/1ojYgLrwrHyKAI1btLEbdApKrx0RQ0KeW/view?usp=sharing
Tamarashvili,Loc3,2/27/24,09:30 - 09:45,3.3,34,0,0,0,0,1,0,35,Location 3,44.7459343,41.7208228,https://drive.google.com/file/d/1ojYgLrwrHyKAI1btLEbdApKrx0RQ0KeW/view?usp=sharing
Tamarashvili,Loc3,2/27/24,09:30 - 09:45,3.4,30,0,0,0,0,1,0,31,Location 3,44.7459343,41.7208228,https://drive.google.com/file/d/1ojYgLrwrHyKAI1btLEbdApKrx0RQ0KeW/view?usp=sharing
Tamarashvili,Loc3,2/27/24,09:30 - 09:45,3.5,53,1,0,0,0,0,0,54,Location 3,44.7459343,41.7208228,https://drive.google.com/file/d/1ojYgLrwrHyKAI1btLEbdApKrx0RQ0KeW/view?usp=sharing
Tamarashvili,Loc3,2/27/24,09:30 - 09:45,3.6,0,0,0,0,0,0,0,0,Location 3,44.7459343,41.7208228,https://drive.google.com/file/d/1ojYgLrwrHyKAI1btLEbdApKrx0RQ0KeW/view?usp=sharing
Tamarashvili,Loc3,2/27/24,09:30 - 09:45,3.7,0,0,0,0,0,0,0,0,Location 3,44.7459343,41.7208228,https://drive.google.com/file/d/1ojYgLrwrHyKAI1btLEbdApKrx0RQ0KeW/view?usp=sharing
Tamarashvili,Loc3,2/27/24,09:30 - 09:45,3.8,0,0,0,0,0,0,0,0,Location 3,44.7459343,41.7208228,https://drive.google.com/file/d/1ojYgLrwrHyKAI1btLEbdApKrx0RQ0KeW/view?usp=sharing
Tamarashvili,Loc3,2/27/24,09:45 - 10:00,3.1,22,2,0,0,0,0,0,24,Location 3,44.7459343,41.7208228,https://drive.google.com/file/d/1ojYgLrwrHyKAI1btLEbdApKrx0RQ0KeW/view?usp=sharing
Tamarashvili,Loc3,2/27/24,09:45 - 10:00,3.2,403,5,8,4,0,7,0,427,Location 3,44.7459343,41.7208228,https://drive.google.com/file/d/1ojYgLrwrHyKAI1btLEbdApKrx0RQ0KeW/view?usp=sharing
Tamarashvili,Loc3,2/27/24,09:45 - 10:00,3.3,36,0,0,0,0,0,0,36,Location 3,44.7459343,41.7208228,https://drive.google.com/file/d/1ojYgLrwrHyKAI1btLEbdApKrx0RQ0KeW/view?usp=sharing
Tamarashvili,Loc3,2/27/24,09:45 - 10:00,3.4,25,0,0,0,0,0,0,25,Location 3,44.7459343,41.7208228,https://drive.google.com/file/d/1ojYgLrwrHyKAI1btLEbdApKrx0RQ0KeW/view?usp=sharing
Tamarashvili,Loc3,2/27/24,09:45 - 10:00,3.5,70,1,0,0,0,1,0,72,Location 3,44.7459343,41.7208228,https://drive.google.com/file/d/1ojYgLrwrHyKAI1btLEbdApKrx0RQ0KeW/view?usp=sharing
Tamarashvili,Loc3,2/27/24,09:45 - 10:00,3.6,0,0,0,0,0,0,0,0,Location 3,44.7459343,41.7208228,https://drive.google.com/file/d/1ojYgLrwrHyKAI1btLEbdApKrx0RQ0KeW/view?usp=sharing
Tamarashvili,Loc3,2/27/24,09:45 - 10:00,3.7,0,0,0,0,0,0,0,0,Location 3,44.7459343,41.7208228,https://drive.google.com/file/d/1ojYgLrwrHyKAI1btLEbdApKrx0RQ0KeW/view?usp=sharing
Tamarashvili,Loc3,2/27/24,09:45 - 10:00,3.8,0,0,0,0,0,0,0,0,Location 3,44.7459343,41.7208228,https://drive.google.com/file/d/1ojYgLrwrHyKAI1btLEbdApKrx0RQ0KeW/view?usp=sharing
Tamarashvili,Loc3,2/27/24,18:00 - 18:15,3.1,27,1,0,0,0,3,0,31,Location 3,44.7459343,41.7208228,https://drive.google.com/file/d/1ojYgLrwrHyKAI1btLEbdApKrx0RQ0KeW/view?usp=sharing
Tamarashvili,Loc3,2/27/24,18:00 - 18:15,3.2,274,2,6,1,0,17,0,300,Location 3,44.7459343,41.7208228,https://drive.google.com/file/d/1ojYgLrwrHyKAI1btLEbdApKrx0RQ0KeW/view?usp=sharing
Tamarashvili,Loc3,2/27/24,18:00 - 18:15,3.3,20,0,0,0,0,6,0,26,Location 3,44.7459343,41.7208228,https://drive.google.com/file/d/1ojYgLrwrHyKAI1btLEbdApKrx0RQ0KeW/view?usp=sharing
Tamarashvili,Loc3,2/27/24,18:00 - 18:15,3.4,0,0,0,0,0,0,0,0,Location 3,44.7459343,41.7208228,https://drive.google.com/file/d/1ojYgLrwrHyKAI1btLEbdApKrx0RQ0KeW/view?usp=sharing
Tamarashvili,Loc3,2/27/24,18:00 - 18:15,3.5,0,0,0,0,0,0,0,0,Location 3,44.7459343,41.7208228,https://drive.google.com/file/d/1ojYgLrwrHyKAI1btLEbdApKrx0RQ0KeW/view?usp=sharing
Tamarashvili,Loc3,2/27/24,18:00 - 18:15,3.6,30,0,0,0,0,1,0,31,Location 3,44.7459343,41.7208228,https://drive.google.com/file/d/1ojYgLrwrHyKAI1btLEbdApKrx0RQ0KeW/view?usp=sharing
Tamarashvili,Loc3,2/27/24,18:00 - 18:15,3.7,239,4,5,0,0,8,0,256,Location 3,44.7459343,41.7208228,https://drive.google.com/file/d/1ojYgLrwrHyKAI1btLEbdApKrx0RQ0KeW/view?usp=sharing
Tamarashvili,Loc3,2/27/24,18:00 - 18:15,3.8,65,2,0,1,0,3,0,71,Location 3,44.7459343,41.7208228,https://drive.google.com/file/d/1ojYgLrwrHyKAI1btLEbdApKrx0RQ0KeW/view?usp=sharing
Tamarashvili,Loc3,2/27/24,18:15 - 18:30,3.1,24,0,0,0,0,2,0,26,Location 3,44.7459343,41.7208228,https://drive.google.com/file/d/1ojYgLrwrHyKAI1btLEbdApKrx0RQ0KeW/view?usp=sharing
Tamarashvili,Loc3,2/27/24,18:15 - 18:30,3.2,322,6,8,0,0,21,1,358,Location 3,44.7459343,41.7208228,https://drive.google.com/file/d/1ojYgLrwrHyKAI1btLEbdApKrx0RQ0KeW/view?usp=sharing
Tamarashvili,Loc3,2/27/24,18:15 - 18:30,3.3,21,0,0,0,0,5,0,26,Location 3,44.7459343,41.7208228,https://drive.google.com/file/d/1ojYgLrwrHyKAI1btLEbdApKrx0RQ0KeW/view?usp=sharing
Tamarashvili,Loc3,2/27/24,18:15 - 18:30,3.4,0,0,0,0,0,0,0,0,Location 3,44.7459343,41.7208228,https://drive.google.com/file/d/1ojYgLrwrHyKAI1btLEbdApKrx0RQ0KeW/view?usp=sharing
Tamarashvili,Loc3,2/27/24,18:15 - 18:30,3.5,0,0,0,0,0,0,0,0,Location 3,44.7459343,41.7208228,https://drive.google.com/file/d/1ojYgLrwrHyKAI1btLEbdApKrx0RQ0KeW/view?usp=sharing
Tamarashvili,Loc3,2/27/24,18:15 - 18:30,3.6,36,2,0,0,0,2,0,40,Location 3,44.7459343,41.7208228,https://drive.google.com/file/d/1ojYgLrwrHyKAI1btLEbdApKrx0RQ0KeW/view?usp=sharing
Tamarashvili,Loc3,2/27/24,18:15 - 18:30,3.7,232,1,5,1,0,6,0,245,Location 3,44.7459343,41.7208228,https://drive.google.com/file/d/1ojYgLrwrHyKAI1btLEbdApKrx0RQ0KeW/view?usp=sharing
Tamarashvili,Loc3,2/27/24,18:15 - 18:30,3.8,85,0,0,0,0,5,0,90,Location 3,44.7459343,41.7208228,https://drive.google.com/file/d/1ojYgLrwrHyKAI1btLEbdApKrx0RQ0KeW/view?usp=sharing
Tamarashvili,Loc3,2/27/24,18:30 - 18:45,3.1,38,0,0,0,0,2,0,40,Location 3,44.7459343,41.7208228,https://drive.google.com/file/d/1ojYgLrwrHyKAI1btLEbdApKrx0RQ0KeW/view?usp=sharing
Tamarashvili,Loc3,2/27/24,18:30 - 18:45,3.2,305,2,8,1,0,22,0,338,Location 3,44.7459343,41.7208228,https://drive.google.com/file/d/1ojYgLrwrHyKAI1btLEbdApKrx0RQ0KeW/view?usp=sharing
Tamarashvili,Loc3,2/27/24,18:30 - 18:45,3.3,23,0,0,0,0,4,0,27,Location 3,44.7459343,41.7208228,https://drive.google.com/file/d/1ojYgLrwrHyKAI1btLEbdApKrx0RQ0KeW/view?usp=sharing
Tamarashvili,Loc3,2/27/24,18:30 - 18:45,3.4,0,0,0,0,0,0,0,0,Location 3,44.7459343,41.7208228,https://drive.google.com/file/d/1ojYgLrwrHyKAI1btLEbdApKrx0RQ0KeW/view?usp=sharing
Tamarashvili,Loc3,2/27/24,18:30 - 18:45,3.5,0,0,0,0,0,0,0,0,Location 3,44.7459343,41.7208228,https://drive.google.com/file/d/1ojYgLrwrHyKAI1btLEbdApKrx0RQ0KeW/view?usp=sharing
Tamarashvili,Loc3,2/27/24,18:30 - 18:45,3.6,48,0,0,0,0,4,0,52,Location 3,44.7459343,41.7208228,https://drive.google.com/file/d/1ojYgLrwrHyKAI1btLEbdApKrx0RQ0KeW/view?usp=sharing
Tamarashvili,Loc3,2/27/24,18:30 - 18:45,3.7,261,2,5,2,0,7,0,277,Location 3,44.7459343,41.7208228,https://drive.google.com/file/d/1ojYgLrwrHyKAI1btLEbdApKrx0RQ0KeW/view?usp=sharing
Tamarashvili,Loc3,2/27/24,18:30 - 18:45,3.8,75,1,0,0,0,6,0,82,Location 3,44.7459343,41.7208228,https://drive.google.com/file/d/1ojYgLrwrHyKAI1btLEbdApKrx0RQ0KeW/view?usp=sharing
Tamarashvili,Loc3,2/27/24,18:45 - 19:00,3.1,30,0,0,0,0,4,0,34,Location 3,44.7459343,41.7208228,https://drive.google.com/file/d/1ojYgLrwrHyKAI1btLEbdApKrx0RQ0KeW/view?usp=sharing
Tamarashvili,Loc3,2/27/24,18:45 - 19:00,3.2,319,4,6,2,2,17,0,350,Location 3,44.7459343,41.7208228,https://drive.google.com/file/d/1ojYgLrwrHyKAI1btLEbdApKrx0RQ0KeW/view?usp=sharing
Tamarashvili,Loc3,2/27/24,18:45 - 19:00,3.3,27,0,0,0,0,4,0,31,Location 3,44.7459343,41.7208228,https://drive.google.com/file/d/1ojYgLrwrHyKAI1btLEbdApKrx0RQ0KeW/view?usp=sharing
Tamarashvili,Loc3,2/27/24,18:45 - 19:00,3.4,0,0,0,0,0,0,0,0,Location 3,44.7459343,41.7208228,https://drive.google.com/file/d/1ojYgLrwrHyKAI1btLEbdApKrx0RQ0KeW/view?usp=sharing
Tamarashvili,Loc3,2/27/24,18:45 - 19:00,3.5,0,0,0,0,0,0,0,0,Location 3,44.7459343,41.7208228,https://drive.google.com/file/d/1ojYgLrwrHyKAI1btLEbdApKrx0RQ0KeW/view?usp=sharing
Tamarashvili,Loc3,2/27/24,18:45 - 19:00,3.6,56,0,0,0,1,4,0,61,Location 3,44.7459343,41.7208228,https://drive.google.com/file/d/1ojYgLrwrHyKAI1btLEbdApKrx0RQ0KeW/view?usp=sharing
Tamarashvili,Loc3,2/27/24,18:45 - 19:00,3.7,272,4,6,2,1,13,0,298,Location 3,44.7459343,41.7208228,https://drive.google.com/file/d/1ojYgLrwrHyKAI1btLEbdApKrx0RQ0KeW/view?usp=sharing
Tamarashvili,Loc3,2/27/24,18:45 - 19:00,3.8,90,0,0,0,0,7,0,97,Location 3,44.7459343,41.7208228,https://drive.google.com/file/d/1ojYgLrwrHyKAI1btLEbdApKrx0RQ0KeW/view?usp=sharing
Tamarashvili,Loc4,2/27/24,09:00 - 09:15,4.1,242,5,7,2,0,1,0,257,Location 4,44.7479504,41.7134962,https://drive.google.com/file/d/1z1iL2V1-u1wqye4sanGJwY463iSQ5_-B/view?usp=sharing
Tamarashvili,Loc4,2/27/24,09:00 - 09:15,4.2,255,5,0,0,0,0,0,260,Location 4,44.7479504,41.7134962,https://drive.google.com/file/d/1z1iL2V1-u1wqye4sanGJwY463iSQ5_-B/view?usp=sharing
Tamarashvili,Loc4,2/27/24,09:00 - 09:15,4.3,32,0,0,1,0,0,0,33,Location 4,44.7479504,41.7134962,https://drive.google.com/file/d/1z1iL2V1-u1wqye4sanGJwY463iSQ5_-B/view?usp=sharing
Tamarashvili,Loc4,2/27/24,09:00 - 09:15,4.4,485,7,4,6,1,6,0,509,Location 4,44.7479504,41.7134962,https://drive.google.com/file/d/1z1iL2V1-u1wqye4sanGJwY463iSQ5_-B/view?usp=sharing
Tamarashvili,Loc4,2/27/24,09:00 - 09:15,4.5,127,6,3,1,0,0,0,137,Location 4,44.7479504,41.7134962,https://drive.google.com/file/d/1z1iL2V1-u1wqye4sanGJwY463iSQ5_-B/view?usp=sharing
Tamarashvili,Loc4,2/27/24,09:00 - 09:15,4.6,3,0,0,0,0,0,0,3,Location 4,44.7479504,41.7134962,https://drive.google.com/file/d/1z1iL2V1-u1wqye4sanGJwY463iSQ5_-B/view?usp=sharing
Tamarashvili,Loc4,2/27/24,09:00 - 09:15,4.7,9,0,6,0,0,0,1,16,Location 4,44.7479504,41.7134962,https://drive.google.com/file/d/1z1iL2V1-u1wqye4sanGJwY463iSQ5_-B/view?usp=sharing
Tamarashvili,Loc4,2/27/24,09:15 - 09:30,4.1,220,5,3,1,0,1,0,230,Location 4,44.7479504,41.7134962,https://drive.google.com/file/d/1z1iL2V1-u1wqye4sanGJwY463iSQ5_-B/view?usp=sharing
Tamarashvili,Loc4,2/27/24,09:15 - 09:30,4.2,234,6,0,1,0,0,0,241,Location 4,44.7479504,41.7134962,https://drive.google.com/file/d/1z1iL2V1-u1wqye4sanGJwY463iSQ5_-B/view?usp=sharing
Tamarashvili,Loc4,2/27/24,09:15 - 09:30,4.3,32,1,0,1,0,0,0,34,Location 4,44.7479504,41.7134962,https://drive.google.com/file/d/1z1iL2V1-u1wqye4sanGJwY463iSQ5_-B/view?usp=sharing
Tamarashvili,Loc4,2/27/24,09:15 - 09:30,4.4,465,10,1,8,1,6,0,491,Location 4,44.7479504,41.7134962,https://drive.google.com/file/d/1z1iL2V1-u1wqye4sanGJwY463iSQ5_-B/view?usp=sharing
Tamarashvili,Loc4,2/27/24,09:15 - 09:30,4.5,120,5,0,1,0,1,0,127,Location 4,44.7479504,41.7134962,https://drive.google.com/file/d/1z1iL2V1-u1wqye4sanGJwY463iSQ5_-B/view?usp=sharing
Tamarashvili,Loc4,2/27/24,09:15 - 09:30,4.6,3,0,0,0,0,0,0,3,Location 4,44.7479504,41.7134962,https://drive.google.com/file/d/1z1iL2V1-u1wqye4sanGJwY463iSQ5_-B/view?usp=sharing
Tamarashvili,Loc4,2/27/24,09:15 - 09:30,4.7,15,1,8,0,0,0,0,24,Location 4,44.7479504,41.7134962,https://drive.google.com/file/d/1z1iL2V1-u1wqye4sanGJwY463iSQ5_-B/view?usp=sharing
Tamarashvili,Loc4,2/27/24,09:30 - 09:45,4.1,269,8,8,4,0,1,0,290,Location 4,44.7479504,41.7134962,https://drive.google.com/file/d/1z1iL2V1-u1wqye4sanGJwY463iSQ5_-B/view?usp=sharing
Tamarashvili,Loc4,2/27/24,09:30 - 09:45,4.2,224,2,1,0,0,2,0,229,Location 4,44.7479504,41.7134962,https://drive.google.com/file/d/1z1iL2V1-u1wqye4sanGJwY463iSQ5_-B/view?usp=sharing
Tamarashvili,Loc4,2/27/24,09:30 - 09:45,4.3,20,2,0,1,0,2,0,25,Location 4,44.7479504,41.7134962,https://drive.google.com/file/d/1z1iL2V1-u1wqye4sanGJwY463iSQ5_-B/view?usp=sharing
Tamarashvili,Loc4,2/27/24,09:30 - 09:45,4.4,425,18,1,4,0,6,0,454,Location 4,44.7479504,41.7134962,https://drive.google.com/file/d/1z1iL2V1-u1wqye4sanGJwY463iSQ5_-B/view?usp=sharing
Tamarashvili,Loc4,2/27/24,09:30 - 09:45,4.5,138,8,0,1,0,4,0,151,Location 4,44.7479504,41.7134962,https://drive.google.com/file/d/1z1iL2V1-u1wqye4sanGJwY463iSQ5_-B/view?usp=sharing
Tamarashvili,Loc4,2/27/24,09:30 - 09:45,4.6,2,0,0,0,0,0,0,2,Location 4,44.7479504,41.7134962,https://drive.google.com/file/d/1z1iL2V1-u1wqye4sanGJwY463iSQ5_-B/view?usp=sharing
Tamarashvili,Loc4,2/27/24,09:30 - 09:45,4.7,22,0,6,0,0,0,0,28,Location 4,44.7479504,41.7134962,https://drive.google.com/file/d/1z1iL2V1-u1wqye4sanGJwY463iSQ5_-B/view?usp=sharing
Tamarashvili,Loc4,2/27/24,09:45 - 10:00,4.1,269,3,6,4,0,4,0,286,Location 4,44.7479504,41.7134962,https://drive.google.com/file/d/1z1iL2V1-u1wqye4sanGJwY463iSQ5_-B/view?usp=sharing
Tamarashvili,Loc4,2/27/24,09:45 - 10:00,4.2,201,4,0,5,0,0,0,210,Location 4,44.7479504,41.7134962,https://drive.google.com/file/d/1z1iL2V1-u1wqye4sanGJwY463iSQ5_-B/view?usp=sharing
Tamarashvili,Loc4,2/27/24,09:45 - 10:00,4.3,26,0,0,0,0,1,0,27,Location 4,44.7479504,41.7134962,https://drive.google.com/file/d/1z1iL2V1-u1wqye4sanGJwY463iSQ5_-B/view?usp=sharing
Tamarashvili,Loc4,2/27/24,09:45 - 10:00,4.4,476,9,1,9,1,1,0,497,Location 4,44.7479504,41.7134962,https://drive.google.com/file/d/1z1iL2V1-u1wqye4sanGJwY463iSQ5_-B/view?usp=sharing
Tamarashvili,Loc4,2/27/24,09:45 - 10:00,4.5,117,6,0,2,0,4,0,129,Location 4,44.7479504,41.7134962,https://drive.google.com/file/d/1z1iL2V1-u1wqye4sanGJwY463iSQ5_-B/view?usp=sharing
Tamarashvili,Loc4,2/27/24,09:45 - 10:00,4.6,4,0,0,0,0,0,0,4,Location 4,44.7479504,41.7134962,https://drive.google.com/file/d/1z1iL2V1-u1wqye4sanGJwY463iSQ5_-B/view?usp=sharing
Tamarashvili,Loc4,2/27/24,09:45 - 10:00,4.7,20,1,8,0,0,0,1,30,Location 4,44.7479504,41.7134962,https://drive.google.com/file/d/1z1iL2V1-u1wqye4sanGJwY463iSQ5_-B/view?usp=sharing
Tamarashvili,Loc4,2/27/24,18:00 - 18:15,4.1,234,3,6,0,0,18,0,261,Location 4,44.7479504,41.7134962,https://drive.google.com/file/d/1z1iL2V1-u1wqye4sanGJwY463iSQ5_-B/view?usp=sharing
Tamarashvili,Loc4,2/27/24,18:00 - 18:15,4.2,218,1,0,1,0,2,0,222,Location 4,44.7479504,41.7134962,https://drive.google.com/file/d/1z1iL2V1-u1wqye4sanGJwY463iSQ5_-B/view?usp=sharing
Tamarashvili,Loc4,2/27/24,18:00 - 18:15,4.3,39,0,0,1,0,1,0,41,Location 4,44.7479504,41.7134962,https://drive.google.com/file/d/1z1iL2V1-u1wqye4sanGJwY463iSQ5_-B/view?usp=sharing
Tamarashvili,Loc4,2/27/24,18:00 - 18:15,4.4,420,9,0,1,0,22,1,453,Location 4,44.7479504,41.7134962,https://drive.google.com/file/d/1z1iL2V1-u1wqye4sanGJwY463iSQ5_-B/view?usp=sharing
Tamarashvili,Loc4,2/27/24,18:00 - 18:15,4.5,112,6,0,0,0,9,0,127,Location 4,44.7479504,41.7134962,https://drive.google.com/file/d/1z1iL2V1-u1wqye4sanGJwY463iSQ5_-B/view?usp=sharing
Tamarashvili,Loc4,2/27/24,18:00 - 18:15,4.6,7,0,0,0,0,0,0,7,Location 4,44.7479504,41.7134962,https://drive.google.com/file/d/1z1iL2V1-u1wqye4sanGJwY463iSQ5_-B/view?usp=sharing
Tamarashvili,Loc4,2/27/24,18:00 - 18:15,4.7,24,0,6,0,0,1,0,31,Location 4,44.7479504,41.7134962,https://drive.google.com/file/d/1z1iL2V1-u1wqye4sanGJwY463iSQ5_-B/view?usp=sharing
Tamarashvili,Loc4,2/27/24,18:15 - 18:30,4.1,268,6,5,1,0,18,2,300,Location 4,44.7479504,41.7134962,https://drive.google.com/file/d/1z1iL2V1-u1wqye4sanGJwY463iSQ5_-B/view?usp=sharing
Tamarashvili,Loc4,2/27/24,18:15 - 18:30,4.2,217,3,0,5,0,6,0,231,Location 4,44.7479504,41.7134962,https://drive.google.com/file/d/1z1iL2V1-u1wqye4sanGJwY463iSQ5_-B/view?usp=sharing
Tamarashvili,Loc4,2/27/24,18:15 - 18:30,4.3,29,0,0,0,0,3,0,32,Location 4,44.7479504,41.7134962,https://drive.google.com/file/d/1z1iL2V1-u1wqye4sanGJwY463iSQ5_-B/view?usp=sharing
Tamarashvili,Loc4,2/27/24,18:15 - 18:30,4.4,407,11,2,0,0,22,1,443,Location 4,44.7479504,41.7134962,https://drive.google.com/file/d/1z1iL2V1-u1wqye4sanGJwY463iSQ5_-B/view?usp=sharing
Tamarashvili,Loc4,2/27/24,18:15 - 18:30,4.5,129,2,0,1,0,9,0,141,Location 4,44.7479504,41.7134962,https://drive.google.com/file/d/1z1iL2V1-u1wqye4sanGJwY463iSQ5_-B/view?usp=sharing
Tamarashvili,Loc4,2/27/24,18:15 - 18:30,4.6,3,0,0,0,0,0,0,3,Location 4,44.7479504,41.7134962,https://drive.google.com/file/d/1z1iL2V1-u1wqye4sanGJwY463iSQ5_-B/view?usp=sharing
Tamarashvili,Loc4,2/27/24,18:15 - 18:30,4.7,20,0,7,0,0,1,0,28,Location 4,44.7479504,41.7134962,https://drive.google.com/file/d/1z1iL2V1-u1wqye4sanGJwY463iSQ5_-B/view?usp=sharing
Tamarashvili,Loc4,2/27/24,18:30 - 18:45,4.1,281,1,7,1,0,19,1,310,Location 4,44.7479504,41.7134962,https://drive.google.com/file/d/1z1iL2V1-u1wqye4sanGJwY463iSQ5_-B/view?usp=sharing
Tamarashvili,Loc4,2/27/24,18:30 - 18:45,4.2,179,4,0,2,0,10,0,195,Location 4,44.7479504,41.7134962,https://drive.google.com/file/d/1z1iL2V1-u1wqye4sanGJwY463iSQ5_-B/view?usp=sharing
Tamarashvili,Loc4,2/27/24,18:30 - 18:45,4.3,23,2,0,0,0,0,0,25,Location 4,44.7479504,41.7134962,https://drive.google.com/file/d/1z1iL2V1-u1wqye4sanGJwY463iSQ5_-B/view?usp=sharing
Tamarashvili,Loc4,2/27/24,18:30 - 18:45,4.4,448,11,1,2,0,22,0,484,Location 4,44.7479504,41.7134962,https://drive.google.com/file/d/1z1iL2V1-u1wqye4sanGJwY463iSQ5_-B/view?usp=sharing
Tamarashvili,Loc4,2/27/24,18:30 - 18:45,4.5,162,6,0,0,0,10,0,178,Location 4,44.7479504,41.7134962,https://drive.google.com/file/d/1z1iL2V1-u1wqye4sanGJwY463iSQ5_-B/view?usp=sharing
Tamarashvili,Loc4,2/27/24,18:30 - 18:45,4.6,5,0,0,0,0,0,0,5,Location 4,44.7479504,41.7134962,https://drive.google.com/file/d/1z1iL2V1-u1wqye4sanGJwY463iSQ5_-B/view?usp=sharing
Tamarashvili,Loc4,2/27/24,18:30 - 18:45,4.7,21,0,6,0,0,1,1,29,Location 4,44.7479504,41.7134962,https://drive.google.com/file/d/1z1iL2V1-u1wqye4sanGJwY463iSQ5_-B/view?usp=sharing
Tamarashvili,Loc4,2/27/24,18:45 - 19:00,4.1,87,2,4,1,0,4,0,98,Location 4,44.7479504,41.7134962,https://drive.google.com/file/d/1z1iL2V1-u1wqye4sanGJwY463iSQ5_-B/view?usp=sharing
Tamarashvili,Loc4,2/27/24,18:45 - 19:00,4.2,69,0,0,1,0,4,0,74,Location 4,44.7479504,41.7134962,https://drive.google.com/file/d/1z1iL2V1-u1wqye4sanGJwY463iSQ5_-B/view?usp=sharing
Tamarashvili,Loc4,2/27/24,18:45 - 19:00,4.3,9,0,0,0,0,0,0,9,Location 4,44.7479504,41.7134962,https://drive.google.com/file/d/1z1iL2V1-u1wqye4sanGJwY463iSQ5_-B/view?usp=sharing
Tamarashvili,Loc4,2/27/24,18:45 - 19:00,4.4,462,3,0,4,0,26,0,495,Location 4,44.7479504,41.7134962,https://drive.google.com/file/d/1z1iL2V1-u1wqye4sanGJwY463iSQ5_-B/view?usp=sharing
Tamarashvili,Loc4,2/27/24,18:45 - 19:00,4.5,176,4,0,0,0,14,0,194,Location 4,44.7479504,41.7134962,https://drive.google.com/file/d/1z1iL2V1-u1wqye4sanGJwY463iSQ5_-B/view?usp=sharing
Tamarashvili,Loc4,2/27/24,18:45 - 19:00,4.6,5,0,0,0,0,0,0,5,Location 4,44.7479504,41.7134962,https://drive.google.com/file/d/1z1iL2V1-u1wqye4sanGJwY463iSQ5_-B/view?usp=sharing
Tamarashvili,Loc4,2/27/24,18:45 - 19:00,4.7,18,1,6,0,0,1,0,26,Location 4,44.7479504,41.7134962,https://drive.google.com/file/d/1z1iL2V1-u1wqye4sanGJwY463iSQ5_-B/view?usp=sharing
Tamarashvili,Loc5,2/27/24,09:00 - 09:15,5.1,19,2,0,0,0,0,0,21,Location 5,44.7510955,41.7218218,https://drive.google.com/file/d/1_VSXRGJFXkqd39grYuEs82b92gZ6fzY7/view?usp=sharing
Tamarashvili,Loc5,2/27/24,09:00 - 09:15,5.2,315,6,2,1,0,2,0,326,Location 5,44.7510955,41.7218218,https://drive.google.com/file/d/1_VSXRGJFXkqd39grYuEs82b92gZ6fzY7/view?usp=sharing
Tamarashvili,Loc5,2/27/24,09:00 - 09:15,5.3,16,0,0,0,0,0,0,16,Location 5,44.7510955,41.7218218,https://drive.google.com/file/d/1_VSXRGJFXkqd39grYuEs82b92gZ6fzY7/view?usp=sharing
Tamarashvili,Loc5,2/27/24,09:00 - 09:15,5.4,255,7,0,0,1,4,0,267,Location 5,44.7510955,41.7218218,https://drive.google.com/file/d/1_VSXRGJFXkqd39grYuEs82b92gZ6fzY7/view?usp=sharing
Tamarashvili,Loc5,2/27/24,09:00 - 09:15,5.5,212,2,3,1,0,1,0,219,Location 5,44.7510955,41.7218218,https://drive.google.com/file/d/1_VSXRGJFXkqd39grYuEs82b92gZ6fzY7/view?usp=sharing
Tamarashvili,Loc5,2/27/24,09:15 - 09:30,5.1,26,0,0,1,0,0,0,27,Location 5,44.7510955,41.7218218,https://drive.google.com/file/d/1_VSXRGJFXkqd39grYuEs82b92gZ6fzY7/view?usp=sharing
Tamarashvili,Loc5,2/27/24,09:15 - 09:30,5.2,336,5,3,1,0,3,0,348,Location 5,44.7510955,41.7218218,https://drive.google.com/file/d/1_VSXRGJFXkqd39grYuEs82b92gZ6fzY7/view?usp=sharing
Tamarashvili,Loc5,2/27/24,09:15 - 09:30,5.3,15,0,0,0,0,0,0,15,Location 5,44.7510955,41.7218218,https://drive.google.com/file/d/1_VSXRGJFXkqd39grYuEs82b92gZ6fzY7/view?usp=sharing
Tamarashvili,Loc5,2/27/24,09:15 - 09:30,5.4,298,8,0,0,0,1,0,307,Location 5,44.7510955,41.7218218,https://drive.google.com/file/d/1_VSXRGJFXkqd39grYuEs82b92gZ6fzY7/view?usp=sharing
Tamarashvili,Loc5,2/27/24,09:15 - 09:30,5.5,166,7,2,0,0,3,0,178,Location 5,44.7510955,41.7218218,https://drive.google.com/file/d/1_VSXRGJFXkqd39grYuEs82b92gZ6fzY7/view?usp=sharing
Tamarashvili,Loc5,2/27/24,09:30 - 09:45,5.1,25,0,0,0,0,1,0,26,Location 5,44.7510955,41.7218218,https://drive.google.com/file/d/1_VSXRGJFXkqd39grYuEs82b92gZ6fzY7/view?usp=sharing
Tamarashvili,Loc5,2/27/24,09:30 - 09:45,5.2,417,5,3,3,0,4,1,433,Location 5,44.7510955,41.7218218,https://drive.google.com/file/d/1_VSXRGJFXkqd39grYuEs82b92gZ6fzY7/view?usp=sharing
Tamarashvili,Loc5,2/27/24,09:30 - 09:45,5.3,10,0,0,0,0,0,0,10,Location 5,44.7510955,41.7218218,https://drive.google.com/file/d/1_VSXRGJFXkqd39grYuEs82b92gZ6fzY7/view?usp=sharing
Tamarashvili,Loc5,2/27/24,09:30 - 09:45,5.4,318,7,0,4,0,4,0,333,Location 5,44.7510955,41.7218218,https://drive.google.com/file/d/1_VSXRGJFXkqd39grYuEs82b92gZ6fzY7/view?usp=sharing
Tamarashvili,Loc5,2/27/24,09:30 - 09:45,5.5,189,3,2,0,0,2,0,196,Location 5,44.7510955,41.7218218,https://drive.google.com/file/d/1_VSXRGJFXkqd39grYuEs82b92gZ6fzY7/view?usp=sharing
Tamarashvili,Loc5,2/27/24,09:45 - 10:00,5.1,29,0,0,0,0,0,1,30,Location 5,44.7510955,41.7218218,https://drive.google.com/file/d/1_VSXRGJFXkqd39grYuEs82b92gZ6fzY7/view?usp=sharing
Tamarashvili,Loc5,2/27/24,09:45 - 10:00,5.2,385,5,1,4,0,0,0,395,Location 5,44.7510955,41.7218218,https://drive.google.com/file/d/1_VSXRGJFXkqd39grYuEs82b92gZ6fzY7/view?usp=sharing
Tamarashvili,Loc5,2/27/24,09:45 - 10:00,5.3,14,0,0,0,0,1,0,15,Location 5,44.7510955,41.7218218,https://drive.google.com/file/d/1_VSXRGJFXkqd39grYuEs82b92gZ6fzY7/view?usp=sharing
Tamarashvili,Loc5,2/27/24,09:45 - 10:00,5.4,305,8,0,5,0,1,0,319,Location 5,44.7510955,41.7218218,https://drive.google.com/file/d/1_VSXRGJFXkqd39grYuEs82b92gZ6fzY7/view?usp=sharing
Tamarashvili,Loc5,2/27/24,09:45 - 10:00,5.5,189,3,3,2,0,5,0,202,Location 5,44.7510955,41.7218218,https://drive.google.com/file/d/1_VSXRGJFXkqd39grYuEs82b92gZ6fzY7/view?usp=sharing
Tamarashvili,Loc5,2/27/24,18:00 - 18:15,5.1,29,0,0,1,0,3,0,33,Location 5,44.7510955,41.7218218,https://drive.google.com/file/d/1_VSXRGJFXkqd39grYuEs82b92gZ6fzY7/view?usp=sharing
Tamarashvili,Loc5,2/27/24,18:00 - 18:15,5.2,384,5,2,0,1,5,0,397,Location 5,44.7510955,41.7218218,https://drive.google.com/file/d/1_VSXRGJFXkqd39grYuEs82b92gZ6fzY7/view?usp=sharing
Tamarashvili,Loc5,2/27/24,18:00 - 18:15,5.3,19,0,0,0,0,1,0,20,Location 5,44.7510955,41.7218218,https://drive.google.com/file/d/1_VSXRGJFXkqd39grYuEs82b92gZ6fzY7/view?usp=sharing
Tamarashvili,Loc5,2/27/24,18:00 - 18:15,5.4,281,6,0,1,2,7,0,297,Location 5,44.7510955,41.7218218,https://drive.google.com/file/d/1_VSXRGJFXkqd39grYuEs82b92gZ6fzY7/view?usp=sharing
Tamarashvili,Loc5,2/27/24,18:00 - 18:15,5.5,170,5,2,0,0,10,1,188,Location 5,44.7510955,41.7218218,https://drive.google.com/file/d/1_VSXRGJFXkqd39grYuEs82b92gZ6fzY7/view?usp=sharing
Tamarashvili,Loc5,2/27/24,18:15 - 18:30,5.1,21,1,0,0,0,2,0,24,Location 5,44.7510955,41.7218218,https://drive.google.com/file/d/1_VSXRGJFXkqd39grYuEs82b92gZ6fzY7/view?usp=sharing
Tamarashvili,Loc5,2/27/24,18:15 - 18:30,5.2,357,5,3,0,1,8,0,374,Location 5,44.7510955,41.7218218,https://drive.google.com/file/d/1_VSXRGJFXkqd39grYuEs82b92gZ6fzY7/view?usp=sharing
Tamarashvili,Loc5,2/27/24,18:15 - 18:30,5.3,9,0,0,0,0,0,0,9,Location 5,44.7510955,41.7218218,https://drive.google.com/file/d/1_VSXRGJFXkqd39grYuEs82b92gZ6fzY7/view?usp=sharing
Tamarashvili,Loc5,2/27/24,18:15 - 18:30,5.4,274,3,0,0,2,12,0,291,Location 5,44.7510955,41.7218218,https://drive.google.com/file/d/1_VSXRGJFXkqd39grYuEs82b92gZ6fzY7/view?usp=sharing
Tamarashvili,Loc5,2/27/24,18:15 - 18:30,5.5,172,2,1,0,0,9,1,185,Location 5,44.7510955,41.7218218,https://drive.google.com/file/d/1_VSXRGJFXkqd39grYuEs82b92gZ6fzY7/view?usp=sharing
Tamarashvili,Loc5,2/27/24,18:30 - 18:45,5.1,24,0,0,1,0,1,1,27,Location 5,44.7510955,41.7218218,https://drive.google.com/file/d/1_VSXRGJFXkqd39grYuEs82b92gZ6fzY7/view?usp=sharing
Tamarashvili,Loc5,2/27/24,18:30 - 18:45,5.2,338,6,4,3,0,6,0,357,Location 5,44.7510955,41.7218218,https://drive.google.com/file/d/1_VSXRGJFXkqd39grYuEs82b92gZ6fzY7/view?usp=sharing
Tamarashvili,Loc5,2/27/24,18:30 - 18:45,5.3,11,0,0,0,0,1,0,12,Location 5,44.7510955,41.7218218,https://drive.google.com/file/d/1_VSXRGJFXkqd39grYuEs82b92gZ6fzY7/view?usp=sharing
Tamarashvili,Loc5,2/27/24,18:30 - 18:45,5.4,268,4,0,0,2,11,0,285,Location 5,44.7510955,41.7218218,https://drive.google.com/file/d/1_VSXRGJFXkqd39grYuEs82b92gZ6fzY7/view?usp=sharing
Tamarashvili,Loc5,2/27/24,18:30 - 18:45,5.5,184,1,3,0,0,6,0,194,Location 5,44.7510955,41.7218218,https://drive.google.com/file/d/1_VSXRGJFXkqd39grYuEs82b92gZ6fzY7/view?usp=sharing
Tamarashvili,Loc5,2/27/24,18:45 - 19:00,5.1,11,0,0,0,0,2,0,13,Location 5,44.7510955,41.7218218,https://drive.google.com/file/d/1_VSXRGJFXkqd39grYuEs82b92gZ6fzY7/view?usp=sharing
Tamarashvili,Loc5,2/27/24,18:45 - 19:00,5.2,331,4,2,1,0,14,0,352,Location 5,44.7510955,41.7218218,https://drive.google.com/file/d/1_VSXRGJFXkqd39grYuEs82b92gZ6fzY7/view?usp=sharing
Tamarashvili,Loc5,2/27/24,18:45 - 19:00,5.3,10,0,0,0,0,0,0,10,Location 5,44.7510955,41.7218218,https://drive.google.com/file/d/1_VSXRGJFXkqd39grYuEs82b92gZ6fzY7/view?usp=sharing
Tamarashvili,Loc5,2/27/24,18:45 - 19:00,5.4,261,3,0,0,0,9,0,273,Location 5,44.7510955,41.7218218,https://drive.google.com/file/d/1_VSXRGJFXkqd39grYuEs82b92gZ6fzY7/view?usp=sharing
Tamarashvili,Loc5,2/27/24,18:45 - 19:00,5.5,185,2,1,2,0,7,1,198,Location 5,44.7510955,41.7218218,https://drive.google.com/file/d/1_VSXRGJFXkqd39grYuEs82b92gZ6fzY7/view?usp=sharing
Tamarashvili,Loc6,2/27/24,09:00 - 09:15,6.1,162,2,3,0,0,2,0,169,Location 6,44.7570196,41.7212417,https://drive.google.com/file/d/1FOANpU957qRYEdt30ZeyugeX73sr2zhm/view?usp=sharing
Tamarashvili,Loc6,2/27/24,09:00 - 09:15,6.2,296,5,0,1,1,3,0,306,Location 6,44.7570196,41.7212417,https://drive.google.com/file/d/1FOANpU957qRYEdt30ZeyugeX73sr2zhm/view?usp=sharing
Tamarashvili,Loc6,2/27/24,09:00 - 09:15,6.3,112,3,3,1,0,0,0,119,Location 6,44.7570196,41.7212417,https://drive.google.com/file/d/1FOANpU957qRYEdt30ZeyugeX73sr2zhm/view?usp=sharing
Tamarashvili,Loc6,2/27/24,09:15 - 09:30,6.1,174,5,2,0,0,1,0,182,Location 6,44.7570196,41.7212417,https://drive.google.com/file/d/1FOANpU957qRYEdt30ZeyugeX73sr2zhm/view?usp=sharing
Tamarashvili,Loc6,2/27/24,09:15 - 09:30,6.2,284,12,0,1,0,3,0,300,Location 6,44.7570196,41.7212417,https://drive.google.com/file/d/1FOANpU957qRYEdt30ZeyugeX73sr2zhm/view?usp=sharing
Tamarashvili,Loc6,2/27/24,09:15 - 09:30,6.3,108,1,3,0,0,1,1,114,Location 6,44.7570196,41.7212417,https://drive.google.com/file/d/1FOANpU957qRYEdt30ZeyugeX73sr2zhm/view?usp=sharing
Tamarashvili,Loc6,2/27/24,09:30 - 09:45,6.1,194,4,2,1,0,4,0,205,Location 6,44.7570196,41.7212417,https://drive.google.com/file/d/1FOANpU957qRYEdt30ZeyugeX73sr2zhm/view?usp=sharing
Tamarashvili,Loc6,2/27/24,09:30 - 09:45,6.2,310,6,0,3,0,3,0,322,Location 6,44.7570196,41.7212417,https://drive.google.com/file/d/1FOANpU957qRYEdt30ZeyugeX73sr2zhm/view?usp=sharing
Tamarashvili,Loc6,2/27/24,09:30 - 09:45,6.3,126,1,2,0,0,0,1,130,Location 6,44.7570196,41.7212417,https://drive.google.com/file/d/1FOANpU957qRYEdt30ZeyugeX73sr2zhm/view?usp=sharing
Tamarashvili,Loc6,2/27/24,09:45 - 10:00,6.1,171,3,3,4,0,0,0,181,Location 6,44.7570196,41.7212417,https://drive.google.com/file/d/1FOANpU957qRYEdt30ZeyugeX73sr2zhm/view?usp=sharing
Tamarashvili,Loc6,2/27/24,09:45 - 10:00,6.2,318,5,0,2,0,3,0,328,Location 6,44.7570196,41.7212417,https://drive.google.com/file/d/1FOANpU957qRYEdt30ZeyugeX73sr2zhm/view?usp=sharing
Tamarashvili,Loc6,2/27/24,09:45 - 10:00,6.3,121,3,2,1,3,3,0,133,Location 6,44.7570196,41.7212417,https://drive.google.com/file/d/1FOANpU957qRYEdt30ZeyugeX73sr2zhm/view?usp=sharing
Tamarashvili,Loc6,2/27/24,18:00 - 18:15,6.1,190,3,2,2,0,8,1,206,Location 6,44.7570196,41.7212417,https://drive.google.com/file/d/1FOANpU957qRYEdt30ZeyugeX73sr2zhm/view?usp=sharing
Tamarashvili,Loc6,2/27/24,18:00 - 18:15,6.2,270,6,1,0,2,9,2,290,Location 6,44.7570196,41.7212417,https://drive.google.com/file/d/1FOANpU957qRYEdt30ZeyugeX73sr2zhm/view?usp=sharing
Tamarashvili,Loc6,2/27/24,18:00 - 18:15,6.3,173,1,2,0,1,9,0,186,Location 6,44.7570196,41.7212417,https://drive.google.com/file/d/1FOANpU957qRYEdt30ZeyugeX73sr2zhm/view?usp=sharing
Tamarashvili,Loc6,2/27/24,18:15 - 18:30,6.1,172,3,1,0,0,9,2,187,Location 6,44.7570196,41.7212417,https://drive.google.com/file/d/1FOANpU957qRYEdt30ZeyugeX73sr2zhm/view?usp=sharing
Tamarashvili,Loc6,2/27/24,18:15 - 18:30,6.2,280,1,0,0,2,13,0,296,Location 6,44.7570196,41.7212417,https://drive.google.com/file/d/1FOANpU957qRYEdt30ZeyugeX73sr2zhm/view?usp=sharing
Tamarashvili,Loc6,2/27/24,18:15 - 18:30,6.3,154,5,2,0,0,5,0,166,Location 6,44.7570196,41.7212417,https://drive.google.com/file/d/1FOANpU957qRYEdt30ZeyugeX73sr2zhm/view?usp=sharing
Tamarashvili,Loc6,2/27/24,18:30 - 18:45,6.1,181,2,2,0,0,8,0,193,Location 6,44.7570196,41.7212417,https://drive.google.com/file/d/1FOANpU957qRYEdt30ZeyugeX73sr2zhm/view?usp=sharing
Tamarashvili,Loc6,2/27/24,18:30 - 18:45,6.2,289,3,1,1,1,10,0,305,Location 6,44.7570196,41.7212417,https://drive.google.com/file/d/1FOANpU957qRYEdt30ZeyugeX73sr2zhm/view?usp=sharing
Tamarashvili,Loc6,2/27/24,18:30 - 18:45,6.3,202,2,4,0,0,7,0,215,Location 6,44.7570196,41.7212417,https://drive.google.com/file/d/1FOANpU957qRYEdt30ZeyugeX73sr2zhm/view?usp=sharing
Tamarashvili,Loc6,2/27/24,18:45 - 19:00,6.1,158,1,2,0,0,9,2,172,Location 6,44.7570196,41.7212417,https://drive.google.com/file/d/1FOANpU957qRYEdt30ZeyugeX73sr2zhm/view?usp=sharing
Tamarashvili,Loc6,2/27/24,18:45 - 19:00,6.2,307,5,0,2,0,8,0,322,Location 6,44.7570196,41.7212417,https://drive.google.com/file/d/1FOANpU957qRYEdt30ZeyugeX73sr2zhm/view?usp=sharing
Tamarashvili,Loc6,2/27/24,18:45 - 19:00,6.3,177,1,2,0,0,6,0,186,Location 6,44.7570196,41.7212417,https://drive.google.com/file/d/1FOANpU957qRYEdt30ZeyugeX73sr2zhm/view?usp=sharing
Tamarashvili,Loc7,2/27/24,09:00 - 09:15,7.1,411,10,0,1,0,3,0,425,Location 7,44.7576794,41.7194183,https://drive.google.com/file/d/1cU9cPfoVrNlQ8yWrOfvZstNwGrbHufBq/view?usp=sharing
Tamarashvili,Loc7,2/27/24,09:00 - 09:15,7.2,170,5,0,1,0,1,0,177,Location 7,44.7576794,41.7194183,https://drive.google.com/file/d/1cU9cPfoVrNlQ8yWrOfvZstNwGrbHufBq/view?usp=sharing
Tamarashvili,Loc7,2/27/24,09:00 - 09:15,7.3,10,1,0,0,0,0,0,11,Location 7,44.7576794,41.7194183,https://drive.google.com/file/d/1cU9cPfoVrNlQ8yWrOfvZstNwGrbHufBq/view?usp=sharing
Tamarashvili,Loc7,2/27/24,09:00 - 09:15,7.4,40,1,0,0,0,1,0,42,Location 7,44.7576794,41.7194183,https://drive.google.com/file/d/1cU9cPfoVrNlQ8yWrOfvZstNwGrbHufBq/view?usp=sharing
Tamarashvili,Loc7,2/27/24,09:00 - 09:15,7.5,79,1,3,1,0,1,0,85,Location 7,44.7576794,41.7194183,https://drive.google.com/file/d/1cU9cPfoVrNlQ8yWrOfvZstNwGrbHufBq/view?usp=sharing
Tamarashvili,Loc7,2/27/24,09:00 - 09:15,7.6,287,4,0,1,1,2,0,295,Location 7,44.7576794,41.7194183,https://drive.google.com/file/d/1cU9cPfoVrNlQ8yWrOfvZstNwGrbHufBq/view?usp=sharing
Tamarashvili,Loc7,2/27/24,09:00 - 09:15,7.7,42,3,0,0,0,0,0,45,Location 7,44.7576794,41.7194183,https://drive.google.com/file/d/1cU9cPfoVrNlQ8yWrOfvZstNwGrbHufBq/view?usp=sharing
Tamarashvili,Loc7,2/27/24,09:00 - 09:15,7.8,44,1,0,0,0,0,0,45,Location 7,44.7576794,41.7194183,https://drive.google.com/file/d/1cU9cPfoVrNlQ8yWrOfvZstNwGrbHufBq/view?usp=sharing
Tamarashvili,Loc7,2/27/24,09:15 - 09:30,7.1,425,5,0,1,0,4,0,435,Location 7,44.7576794,41.7194183,https://drive.google.com/file/d/1cU9cPfoVrNlQ8yWrOfvZstNwGrbHufBq/view?usp=sharing
Tamarashvili,Loc7,2/27/24,09:15 - 09:30,7.2,174,5,0,0,0,0,0,179,Location 7,44.7576794,41.7194183,https://drive.google.com/file/d/1cU9cPfoVrNlQ8yWrOfvZstNwGrbHufBq/view?usp=sharing
Tamarashvili,Loc7,2/27/24,09:15 - 09:30,7.3,10,0,0,0,0,0,0,10,Location 7,44.7576794,41.7194183,https://drive.google.com/file/d/1cU9cPfoVrNlQ8yWrOfvZstNwGrbHufBq/view?usp=sharing
Tamarashvili,Loc7,2/27/24,09:15 - 09:30,7.4,44,2,0,0,0,2,0,48,Location 7,44.7576794,41.7194183,https://drive.google.com/file/d/1cU9cPfoVrNlQ8yWrOfvZstNwGrbHufBq/view?usp=sharing
Tamarashvili,Loc7,2/27/24,09:15 - 09:30,7.5,71,0,3,0,0,0,0,74,Location 7,44.7576794,41.7194183,https://drive.google.com/file/d/1cU9cPfoVrNlQ8yWrOfvZstNwGrbHufBq/view?usp=sharing
Tamarashvili,Loc7,2/27/24,09:15 - 09:30,7.6,261,6,0,0,0,3,1,271,Location 7,44.7576794,41.7194183,https://drive.google.com/file/d/1cU9cPfoVrNlQ8yWrOfvZstNwGrbHufBq/view?usp=sharing
Tamarashvili,Loc7,2/27/24,09:15 - 09:30,7.7,60,7,0,1,0,1,0,69,Location 7,44.7576794,41.7194183,https://drive.google.com/file/d/1cU9cPfoVrNlQ8yWrOfvZstNwGrbHufBq/view?usp=sharing
Tamarashvili,Loc7,2/27/24,09:15 - 09:30,7.8,29,0,0,0,0,1,0,30,Location 7,44.7576794,41.7194183,https://drive.google.com/file/d/1cU9cPfoVrNlQ8yWrOfvZstNwGrbHufBq/view?usp=sharing
Tamarashvili,Loc7,2/27/24,09:30 - 09:45,7.1,433,4,0,5,1,3,1,447,Location 7,44.7576794,41.7194183,https://drive.google.com/file/d/1cU9cPfoVrNlQ8yWrOfvZstNwGrbHufBq/view?usp=sharing
Tamarashvili,Loc7,2/27/24,09:30 - 09:45,7.2,193,3,1,0,0,1,0,198,Location 7,44.7576794,41.7194183,https://drive.google.com/file/d/1cU9cPfoVrNlQ8yWrOfvZstNwGrbHufBq/view?usp=sharing
Tamarashvili,Loc7,2/27/24,09:30 - 09:45,7.3,4,0,0,0,0,0,0,4,Location 7,44.7576794,41.7194183,https://drive.google.com/file/d/1cU9cPfoVrNlQ8yWrOfvZstNwGrbHufBq/view?usp=sharing
Tamarashvili,Loc7,2/27/24,09:30 - 09:45,7.4,45,0,0,0,0,0,0,45,Location 7,44.7576794,41.7194183,https://drive.google.com/file/d/1cU9cPfoVrNlQ8yWrOfvZstNwGrbHufBq/view?usp=sharing
Tamarashvili,Loc7,2/27/24,09:30 - 09:45,7.5,85,0,1,0,0,0,0,86,Location 7,44.7576794,41.7194183,https://drive.google.com/file/d/1cU9cPfoVrNlQ8yWrOfvZstNwGrbHufBq/view?usp=sharing
Tamarashvili,Loc7,2/27/24,09:30 - 09:45,7.6,289,7,1,3,0,3,1,304,Location 7,44.7576794,41.7194183,https://drive.google.com/file/d/1cU9cPfoVrNlQ8yWrOfvZstNwGrbHufBq/view?usp=sharing
Tamarashvili,Loc7,2/27/24,09:30 - 09:45,7.7,62,0,0,0,0,0,0,62,Location 7,44.7576794,41.7194183,https://drive.google.com/file/d/1cU9cPfoVrNlQ8yWrOfvZstNwGrbHufBq/view?usp=sharing
Tamarashvili,Loc7,2/27/24,09:30 - 09:45,7.8,48,2,0,0,0,0,0,50,Location 7,44.7576794,41.7194183,https://drive.google.com/file/d/1cU9cPfoVrNlQ8yWrOfvZstNwGrbHufBq/view?usp=sharing
Tamarashvili,Loc7,2/27/24,09:45 - 10:00,7.1,437,7,0,3,0,2,0,449,Location 7,44.7576794,41.7194183,https://drive.google.com/file/d/1cU9cPfoVrNlQ8yWrOfvZstNwGrbHufBq/view?usp=sharing
Tamarashvili,Loc7,2/27/24,09:45 - 10:00,7.2,171,5,0,1,1,1,0,179,Location 7,44.7576794,41.7194183,https://drive.google.com/file/d/1cU9cPfoVrNlQ8yWrOfvZstNwGrbHufBq/view?usp=sharing
Tamarashvili,Loc7,2/27/24,09:45 - 10:00,7.3,6,1,0,0,0,0,0,7,Location 7,44.7576794,41.7194183,https://drive.google.com/file/d/1cU9cPfoVrNlQ8yWrOfvZstNwGrbHufBq/view?usp=sharing
Tamarashvili,Loc7,2/27/24,09:45 - 10:00,7.4,57,0,0,0,0,0,0,57,Location 7,44.7576794,41.7194183,https://drive.google.com/file/d/1cU9cPfoVrNlQ8yWrOfvZstNwGrbHufBq/view?usp=sharing
Tamarashvili,Loc7,2/27/24,09:45 - 10:00,7.5,98,3,2,1,2,1,0,107,Location 7,44.7576794,41.7194183,https://drive.google.com/file/d/1cU9cPfoVrNlQ8yWrOfvZstNwGrbHufBq/view?usp=sharing
Tamarashvili,Loc7,2/27/24,09:45 - 10:00,7.6,264,4,0,2,1,3,0,274,Location 7,44.7576794,41.7194183,https://drive.google.com/file/d/1cU9cPfoVrNlQ8yWrOfvZstNwGrbHufBq/view?usp=sharing
Tamarashvili,Loc7,2/27/24,09:45 - 10:00,7.7,77,1,0,0,0,2,0,80,Location 7,44.7576794,41.7194183,https://drive.google.com/file/d/1cU9cPfoVrNlQ8yWrOfvZstNwGrbHufBq/view?usp=sharing
Tamarashvili,Loc7,2/27/24,09:45 - 10:00,7.8,43,2,0,1,0,0,0,46,Location 7,44.7576794,41.7194183,https://drive.google.com/file/d/1cU9cPfoVrNlQ8yWrOfvZstNwGrbHufBq/view?usp=sharing
Tamarashvili,Loc7,2/27/24,18:00 - 18:15,7.1,387,7,0,9,3,10,0,416,Location 7,44.7576794,41.7194183,https://drive.google.com/file/d/1cU9cPfoVrNlQ8yWrOfvZstNwGrbHufBq/view?usp=sharing
Tamarashvili,Loc7,2/27/24,18:00 - 18:15,7.2,191,4,0,0,0,8,0,203,Location 7,44.7576794,41.7194183,https://drive.google.com/file/d/1cU9cPfoVrNlQ8yWrOfvZstNwGrbHufBq/view?usp=sharing
Tamarashvili,Loc7,2/27/24,18:00 - 18:15,7.3,0,0,0,0,0,0,0,0,Location 7,44.7576794,41.7194183,https://drive.google.com/file/d/1cU9cPfoVrNlQ8yWrOfvZstNwGrbHufBq/view?usp=sharing
Tamarashvili,Loc7,2/27/24,18:00 - 18:15,7.4,35,1,0,0,0,4,0,40,Location 7,44.7576794,41.7194183,https://drive.google.com/file/d/1cU9cPfoVrNlQ8yWrOfvZstNwGrbHufBq/view?usp=sharing
Tamarashvili,Loc7,2/27/24,18:00 - 18:15,7.5,125,0,2,0,3,0,0,130,Location 7,44.7576794,41.7194183,https://drive.google.com/file/d/1cU9cPfoVrNlQ8yWrOfvZstNwGrbHufBq/view?usp=sharing
Tamarashvili,Loc7,2/27/24,18:00 - 18:15,7.6,229,6,1,0,0,14,2,252,Location 7,44.7576794,41.7194183,https://drive.google.com/file/d/1cU9cPfoVrNlQ8yWrOfvZstNwGrbHufBq/view?usp=sharing
Tamarashvili,Loc7,2/27/24,18:00 - 18:15,7.7,89,1,0,0,0,4,0,94,Location 7,44.7576794,41.7194183,https://drive.google.com/file/d/1cU9cPfoVrNlQ8yWrOfvZstNwGrbHufBq/view?usp=sharing
Tamarashvili,Loc7,2/27/24,18:00 - 18:15,7.8,49,0,0,0,0,2,0,51,Location 7,44.7576794,41.7194183,https://drive.google.com/file/d/1cU9cPfoVrNlQ8yWrOfvZstNwGrbHufBq/view?usp=sharing
Tamarashvili,Loc7,2/27/24,18:15 - 18:30,7.1,316,5,0,1,1,12,0,335,Location 7,44.7576794,41.7194183,https://drive.google.com/file/d/1cU9cPfoVrNlQ8yWrOfvZstNwGrbHufBq/view?usp=sharing
Tamarashvili,Loc7,2/27/24,18:15 - 18:30,7.2,222,2,0,0,0,3,0,227,Location 7,44.7576794,41.7194183,https://drive.google.com/file/d/1cU9cPfoVrNlQ8yWrOfvZstNwGrbHufBq/view?usp=sharing
Tamarashvili,Loc7,2/27/24,18:15 - 18:30,7.3,0,0,0,0,0,0,0,0,Location 7,44.7576794,41.7194183,https://drive.google.com/file/d/1cU9cPfoVrNlQ8yWrOfvZstNwGrbHufBq/view?usp=sharing
Tamarashvili,Loc7,2/27/24,18:15 - 18:30,7.4,26,0,0,0,0,6,0,32,Location 7,44.7576794,41.7194183,https://drive.google.com/file/d/1cU9cPfoVrNlQ8yWrOfvZstNwGrbHufBq/view?usp=sharing
Tamarashvili,Loc7,2/27/24,18:15 - 18:30,7.5,124,3,2,0,0,1,0,130,Location 7,44.7576794,41.7194183,https://drive.google.com/file/d/1cU9cPfoVrNlQ8yWrOfvZstNwGrbHufBq/view?usp=sharing
Tamarashvili,Loc7,2/27/24,18:15 - 18:30,7.6,232,2,0,0,2,14,0,250,Location 7,44.7576794,41.7194183,https://drive.google.com/file/d/1cU9cPfoVrNlQ8yWrOfvZstNwGrbHufBq/view?usp=sharing
Tamarashvili,Loc7,2/27/24,18:15 - 18:30,7.7,78,1,0,0,0,3,0,82,Location 7,44.7576794,41.7194183,https://drive.google.com/file/d/1cU9cPfoVrNlQ8yWrOfvZstNwGrbHufBq/view?usp=sharing
Tamarashvili,Loc7,2/27/24,18:15 - 18:30,7.8,44,2,0,0,0,7,0,53,Location 7,44.7576794,41.7194183,https://drive.google.com/file/d/1cU9cPfoVrNlQ8yWrOfvZstNwGrbHufBq/view?usp=sharing
Tamarashvili,Loc7,2/27/24,18:30 - 18:45,7.1,326,11,0,5,1,8,0,351,Location 7,44.7576794,41.7194183,https://drive.google.com/file/d/1cU9cPfoVrNlQ8yWrOfvZstNwGrbHufBq/view?usp=sharing
Tamarashvili,Loc7,2/27/24,18:30 - 18:45,7.2,185,3,1,2,0,6,0,197,Location 7,44.7576794,41.7194183,https://drive.google.com/file/d/1cU9cPfoVrNlQ8yWrOfvZstNwGrbHufBq/view?usp=sharing
Tamarashvili,Loc7,2/27/24,18:30 - 18:45,7.3,1,0,0,0,0,0,0,1,Location 7,44.7576794,41.7194183,https://drive.google.com/file/d/1cU9cPfoVrNlQ8yWrOfvZstNwGrbHufBq/view?usp=sharing
Tamarashvili,Loc7,2/27/24,18:30 - 18:45,7.4,26,0,0,0,0,5,0,31,Location 7,44.7576794,41.7194183,https://drive.google.com/file/d/1cU9cPfoVrNlQ8yWrOfvZstNwGrbHufBq/view?usp=sharing
Tamarashvili,Loc7,2/27/24,18:30 - 18:45,7.5,151,2,3,0,0,1,0,157,Location 7,44.7576794,41.7194183,https://drive.google.com/file/d/1cU9cPfoVrNlQ8yWrOfvZstNwGrbHufBq/view?usp=sharing
Tamarashvili,Loc7,2/27/24,18:30 - 18:45,7.6,258,2,2,0,1,10,0,273,Location 7,44.7576794,41.7194183,https://drive.google.com/file/d/1cU9cPfoVrNlQ8yWrOfvZstNwGrbHufBq/view?usp=sharing
Tamarashvili,Loc7,2/27/24,18:30 - 18:45,7.7,82,1,0,1,0,6,0,90,Location 7,44.7576794,41.7194183,https://drive.google.com/file/d/1cU9cPfoVrNlQ8yWrOfvZstNwGrbHufBq/view?usp=sharing
Tamarashvili,Loc7,2/27/24,18:30 - 18:45,7.8,68,3,0,0,0,4,0,75,Location 7,44.7576794,41.7194183,https://drive.google.com/file/d/1cU9cPfoVrNlQ8yWrOfvZstNwGrbHufBq/view?usp=sharing
Tamarashvili,Loc7,2/27/24,18:45 - 19:00,7.1,347,3,0,2,0,20,0,372,Location 7,44.7576794,41.7194183,https://drive.google.com/file/d/1cU9cPfoVrNlQ8yWrOfvZstNwGrbHufBq/view?usp=sharing
Tamarashvili,Loc7,2/27/24,18:45 - 19:00,7.2,180,1,0,0,0,7,0,188,Location 7,44.7576794,41.7194183,https://drive.google.com/file/d/1cU9cPfoVrNlQ8yWrOfvZstNwGrbHufBq/view?usp=sharing
Tamarashvili,Loc7,2/27/24,18:45 - 19:00,7.3,0,0,0,0,0,0,0,0,Location 7,44.7576794,41.7194183,https://drive.google.com/file/d/1cU9cPfoVrNlQ8yWrOfvZstNwGrbHufBq/view?usp=sharing
Tamarashvili,Loc7,2/27/24,18:45 - 19:00,7.4,17,0,0,0,0,11,0,28,Location 7,44.7576794,41.7194183,https://drive.google.com/file/d/1cU9cPfoVrNlQ8yWrOfvZstNwGrbHufBq/view?usp=sharing
Tamarashvili,Loc7,2/27/24,18:45 - 19:00,7.5,128,1,2,0,0,2,0,133,Location 7,44.7576794,41.7194183,https://drive.google.com/file/d/1cU9cPfoVrNlQ8yWrOfvZstNwGrbHufBq/view?usp=sharing
Tamarashvili,Loc7,2/27/24,18:45 - 19:00,7.6,290,5,0,2,0,11,0,308,Location 7,44.7576794,41.7194183,https://drive.google.com/file/d/1cU9cPfoVrNlQ8yWrOfvZstNwGrbHufBq/view?usp=sharing
Tamarashvili,Loc7,2/27/24,18:45 - 19:00,7.7,66,0,0,0,0,1,0,67,Location 7,44.7576794,41.7194183,https://drive.google.com/file/d/1cU9cPfoVrNlQ8yWrOfvZstNwGrbHufBq/view?usp=sharing
Tamarashvili,Loc7,2/27/24,18:45 - 19:00,7.8,52,0,0,0,0,2,0,54,Location 7,44.7576794,41.7194183,https://drive.google.com/file/d/1cU9cPfoVrNlQ8yWrOfvZstNwGrbHufBq/view?usp=sharing